{"initial_reset_timestamp": 1659363516.6276608, "timestamps": [1659363530.507713], "episode_lengths": [2396], "episode_rewards": [-54.0], "episode_types": ["t"]}