{"initial_reset_timestamp": 1659389425.7939968, "timestamps": [1659389429.3250768], "episode_lengths": [590], "episode_rewards": [24.0], "episode_types": ["t"]}