{"initial_reset_timestamp": 1657532959.6581953, "timestamps": [1657532960.456171], "episode_lengths": [117], "episode_rewards": [1.0], "episode_types": ["t"]}